RM619D1;dentro_raccordo
RM619D2;dentro_raccordo
RM619D3;dentro_raccordo
RM007D1;dentro_raccordo
RM007D2;dentro_raccordo
RM007D3;dentro_raccordo
RM145D1;dentro_raccordo
RM145D2;dentro_raccordo
RM145D3;dentro_raccordo
RM082D1;dentro_raccordo
RM082D2;dentro_raccordo
RM082D3;dentro_raccordo
RM028D1;dentro_raccordo
RM028D2;dentro_raccordo
RM028D3;dentro_raccordo
RM056D1;dentro_raccordo
RM056D2;dentro_raccordo
RM056D3;dentro_raccordo
RM580D1;dentro_raccordo
RM580D2;dentro_raccordo
RM580D3;dentro_raccordo
RM814D1;dentro_raccordo
RM814D2;dentro_raccordo
RM814D3;dentro_raccordo
RM070D1;dentro_raccordo
RM070D2;dentro_raccordo
RM070D3;dentro_raccordo
RM328D1;dentro_raccordo
RM328D2;dentro_raccordo
RM328D3;dentro_raccordo
RM368D1;dentro_raccordo
RM368D2;dentro_raccordo
RM368D3;dentro_raccordo
RM930D1;dentro_raccordo
RM930D2;dentro_raccordo
RM930D3;dentro_raccordo
RM017D1;dentro_raccordo
RM017D2;dentro_raccordo
RM017D3;dentro_raccordo
RM222D1;dentro_raccordo
RM222D2;dentro_raccordo
RM222D3;dentro_raccordo
RM012D1;dentro_raccordo
RM012D2;dentro_raccordo
RM012D3;dentro_raccordo
RM163D1;dentro_raccordo
RM163D2;dentro_raccordo
RM163D3;dentro_raccordo
RM157D1;dentro_raccordo
RM157D2;dentro_raccordo
RM157D3;dentro_raccordo
RM062D1;dentro_raccordo
RM062D2;dentro_raccordo
RM062D3;dentro_raccordo
RM649D1;dentro_raccordo
RM649D2;dentro_raccordo
RM649D3;dentro_raccordo
RM189D1;dentro_raccordo
RM189D2;dentro_raccordo
RM189D3;dentro_raccordo
RM918D1;dentro_raccordo
RM918D2;dentro_raccordo
RM918D3;dentro_raccordo
RM354D1;dentro_raccordo
RM354D2;dentro_raccordo
RM354D3;dentro_raccordo
RM326D1;dentro_raccordo
RM326D2;dentro_raccordo
RM326D3;dentro_raccordo
RM370D1;dentro_raccordo
RM370D2;dentro_raccordo
RM370D3;dentro_raccordo
RM063D1;dentro_raccordo
RM063D2;dentro_raccordo
RM063D3;dentro_raccordo
RM528D1;dentro_raccordo
RM528D2;dentro_raccordo
RM528D3;dentro_raccordo
RM812D1;dentro_raccordo
RM812D2;dentro_raccordo
RM812D3;dentro_raccordo
RM373D1;dentro_raccordo
RM373D2;dentro_raccordo
RM373D3;dentro_raccordo
RM137D1;dentro_raccordo
RM137D2;dentro_raccordo
RM137D3;dentro_raccordo
RM858D1;dentro_raccordo
RM858D2;dentro_raccordo
RM858D3;dentro_raccordo
RM120D1;dentro_raccordo
RM120D2;dentro_raccordo
RM120D3;dentro_raccordo
RM151D1;dentro_raccordo
RM151D2;dentro_raccordo
RM151D3;dentro_raccordo
RM226D1;dentro_raccordo
RM226D2;dentro_raccordo
RM226D3;dentro_raccordo
RM182D1;dentro_raccordo
RM182D2;dentro_raccordo
RM182D3;dentro_raccordo
RM842D1;dentro_raccordo
RM842D2;dentro_raccordo
RM842D3;dentro_raccordo
RM648D1;dentro_raccordo
RM648D2;dentro_raccordo
RM648D3;dentro_raccordo
RM001D1;dentro_raccordo
RM001D2;dentro_raccordo
RM001D3;dentro_raccordo
RM136D1;dentro_raccordo
RM136D2;dentro_raccordo
RM136D3;dentro_raccordo
RM644D1;dentro_raccordo
RM644D2;dentro_raccordo
RM644D3;dentro_raccordo
RM183D1;dentro_raccordo
RM183D2;dentro_raccordo
RM183D3;dentro_raccordo
RM179D1;dentro_raccordo
RM179D2;dentro_raccordo
RM179D3;dentro_raccordo
RM920D1;dentro_raccordo
RM920D2;dentro_raccordo
RM920D3;dentro_raccordo
RM064D1;dentro_raccordo
RM064D2;dentro_raccordo
RM064D3;dentro_raccordo
RM584D1;dentro_raccordo
RM584D2;dentro_raccordo
RM584D3;dentro_raccordo
RM057D1;dentro_raccordo
RM057D2;dentro_raccordo
RM057D3;dentro_raccordo
RM579D1;dentro_raccordo
RM579D2;dentro_raccordo
RM579D3;dentro_raccordo
RM600D1;dentro_raccordo
RM600D2;dentro_raccordo
RM600D3;dentro_raccordo
RM186D1;dentro_raccordo
RM186D2;dentro_raccordo
RM186D3;dentro_raccordo
RM922D1;dentro_raccordo
RM922D2;dentro_raccordo
RM922D3;dentro_raccordo
RM187D1;dentro_raccordo
RM187D2;dentro_raccordo
RM187D3;dentro_raccordo
RM127D1;dentro_raccordo
RM127D2;dentro_raccordo
RM127D3;dentro_raccordo
RM018D1;dentro_raccordo
RM018D2;dentro_raccordo
RM018D3;dentro_raccordo
RM734D1;dentro_raccordo
RM734D2;dentro_raccordo
RM734D3;dentro_raccordo
RM155D1;dentro_raccordo
RM155D2;dentro_raccordo
RM155D3;dentro_raccordo
RM248D1;dentro_raccordo
RM248D2;dentro_raccordo
RM248D3;dentro_raccordo
RM148D1;dentro_raccordo
RM148D2;dentro_raccordo
RM148D3;dentro_raccordo
RM807D1;dentro_raccordo
RM807D2;dentro_raccordo
RM807D3;dentro_raccordo
RM177D1;dentro_raccordo
RM177D2;dentro_raccordo
RM177D3;dentro_raccordo
RM646D1;dentro_raccordo
RM646D2;dentro_raccordo
RM646D3;dentro_raccordo
RM577D1;dentro_raccordo
RM577D2;dentro_raccordo
RM577D3;dentro_raccordo
RM628D1;dentro_raccordo
RM628D2;dentro_raccordo
RM628D3;dentro_raccordo
RM723D1;dentro_raccordo
RM723D2;dentro_raccordo
RM723D3;dentro_raccordo
RM160D1;dentro_raccordo
RM160D2;dentro_raccordo
RM160D3;dentro_raccordo
RM341D1;dentro_raccordo
RM341D2;dentro_raccordo
RM341D3;dentro_raccordo
RM933D1;dentro_raccordo
RM933D2;dentro_raccordo
RM933D3;dentro_raccordo
RM031D1;dentro_raccordo
RM031D2;dentro_raccordo
RM031D3;dentro_raccordo
RM091D1;dentro_raccordo
RM091D2;dentro_raccordo
RM091D3;dentro_raccordo
RM559D1;dentro_raccordo
RM559D2;dentro_raccordo
RM559D3;dentro_raccordo
RM468D1;dentro_raccordo
RM468D2;dentro_raccordo
RM468D3;dentro_raccordo
RM181D1;dentro_raccordo
RM181D2;dentro_raccordo
RM181D3;dentro_raccordo
RM130D1;dentro_raccordo
RM130D2;dentro_raccordo
RM130D3;dentro_raccordo
RM321D1;dentro_raccordo
RM321D2;dentro_raccordo
RM321D3;dentro_raccordo
RM122D1;dentro_raccordo
RM122D2;dentro_raccordo
RM122D3;dentro_raccordo
RM058D1;dentro_raccordo
RM058D2;dentro_raccordo
RM058D3;dentro_raccordo
RM060D1;dentro_raccordo
RM060D2;dentro_raccordo
RM060D3;dentro_raccordo
RM894D1;dentro_raccordo
RM894D2;dentro_raccordo
RM894D3;dentro_raccordo
RM069D1;dentro_raccordo
RM069D2;dentro_raccordo
RM069D3;dentro_raccordo
RM365D1;dentro_raccordo
RM365D2;dentro_raccordo
RM365D3;dentro_raccordo
RM809D1;dentro_raccordo
RM809D2;dentro_raccordo
RM809D3;dentro_raccordo
RM402D1;dentro_raccordo
RM402D2;dentro_raccordo
RM402D3;dentro_raccordo
RM435D1;dentro_raccordo
RM435D2;dentro_raccordo
RM435D3;dentro_raccordo
RM046D1;dentro_raccordo
RM046D2;dentro_raccordo
RM046D3;dentro_raccordo
RM366D1;dentro_raccordo
RM366D2;dentro_raccordo
RM366D3;dentro_raccordo
RM627D1;dentro_raccordo
RM627D2;dentro_raccordo
RM627D3;dentro_raccordo
RM343D1;dentro_raccordo
RM343D2;dentro_raccordo
RM343D3;dentro_raccordo
RM852D1;dentro_raccordo
RM852D2;dentro_raccordo
RM852D3;dentro_raccordo
RM980D1;dentro_raccordo
RM980D2;dentro_raccordo
RM980D3;dentro_raccordo
RM215D1;dentro_raccordo
RM215D2;dentro_raccordo
RM215D3;dentro_raccordo
RM159D1;dentro_raccordo
RM159D2;dentro_raccordo
RM159D3;dentro_raccordo
RM849D1;dentro_raccordo
RM849D2;dentro_raccordo
RM849D3;dentro_raccordo
RM146D1;dentro_raccordo
RM146D2;dentro_raccordo
RM146D3;dentro_raccordo
RM006D1;dentro_raccordo
RM006D2;dentro_raccordo
RM006D3;dentro_raccordo
RM728D1;dentro_raccordo
RM728D2;dentro_raccordo
RM728D3;dentro_raccordo
RM024D1;dentro_raccordo
RM024D2;dentro_raccordo
RM024D3;dentro_raccordo
RM939D1;dentro_raccordo
RM939D2;dentro_raccordo
RM939D3;dentro_raccordo
RM318D1;dentro_raccordo
RM318D2;dentro_raccordo
RM318D3;dentro_raccordo
RM623D1;dentro_raccordo
RM623D2;dentro_raccordo
RM623D3;dentro_raccordo
RM191D1;dentro_raccordo
RM191D2;dentro_raccordo
RM191D3;dentro_raccordo
RM079D1;dentro_raccordo
RM079D2;dentro_raccordo
RM079D3;dentro_raccordo
RM526D1;dentro_raccordo
RM526D2;dentro_raccordo
RM526D3;dentro_raccordo
RM340D1;dentro_raccordo
RM340D2;dentro_raccordo
RM340D3;dentro_raccordo
RM230D1;dentro_raccordo
RM230D2;dentro_raccordo
RM230D3;dentro_raccordo
RM867D1;dentro_raccordo
RM867D2;dentro_raccordo
RM867D3;dentro_raccordo
RM227D1;dentro_raccordo
RM227D2;dentro_raccordo
RM227D3;dentro_raccordo
RM434D1;dentro_raccordo
RM434D2;dentro_raccordo
RM434D3;dentro_raccordo
RM336D1;dentro_raccordo
RM336D2;dentro_raccordo
RM336D3;dentro_raccordo
RM622D1;dentro_raccordo
RM622D2;dentro_raccordo
RM622D3;dentro_raccordo
RM325D1;dentro_raccordo
RM325D2;dentro_raccordo
RM325D3;dentro_raccordo
RM123D1;dentro_raccordo
RM123D2;dentro_raccordo
RM123D3;dentro_raccordo
RM626D1;dentro_raccordo
RM626D2;dentro_raccordo
RM626D3;dentro_raccordo
RM175D1;dentro_raccordo
RM175D2;dentro_raccordo
RM175D3;dentro_raccordo
RM731D1;dentro_raccordo
RM731D2;dentro_raccordo
RM731D3;dentro_raccordo
RM879D1;dentro_raccordo
RM879D2;dentro_raccordo
RM879D3;dentro_raccordo
RM676D1;dentro_raccordo
RM676D2;dentro_raccordo
RM676D3;dentro_raccordo
RM107D1;dentro_raccordo
RM107D2;dentro_raccordo
RM107D3;dentro_raccordo
RM241D1;dentro_raccordo
RM241D2;dentro_raccordo
RM241D3;dentro_raccordo
RM043D1;dentro_raccordo
RM043D2;dentro_raccordo
RM043D3;dentro_raccordo
RM265D1;dentro_raccordo
RM265D2;dentro_raccordo
RM265D3;dentro_raccordo
RM149D1;dentro_raccordo
RM149D2;dentro_raccordo
RM149D3;dentro_raccordo
RM401D1;dentro_raccordo
RM401D2;dentro_raccordo
RM401D3;dentro_raccordo
RM865D1;dentro_raccordo
RM865D2;dentro_raccordo
RM865D3;dentro_raccordo
RM008D1;dentro_raccordo
RM008D2;dentro_raccordo
RM008D3;dentro_raccordo
RM976D1;dentro_raccordo
RM976D2;dentro_raccordo
RM976D3;dentro_raccordo
RM601D1;dentro_raccordo
RM601D2;dentro_raccordo
RM601D3;dentro_raccordo
RM080D1;dentro_raccordo
RM080D2;dentro_raccordo
RM080D3;dentro_raccordo
RM517D1;dentro_raccordo
RM517D2;dentro_raccordo
RM517D3;dentro_raccordo
RM153D1;dentro_raccordo
RM153D2;dentro_raccordo
RM153D3;dentro_raccordo
RM984D1;dentro_raccordo
RM984D2;dentro_raccordo
RM984D3;dentro_raccordo
RM129D1;dentro_raccordo
RM129D2;dentro_raccordo
RM129D3;dentro_raccordo
RM118D1;dentro_raccordo
RM118D2;dentro_raccordo
RM118D3;dentro_raccordo
RM068D1;dentro_raccordo
RM068D2;dentro_raccordo
RM068D3;dentro_raccordo
RM013D1;dentro_raccordo
RM013D2;dentro_raccordo
RM013D3;dentro_raccordo
RM355D1;dentro_raccordo
RM355D2;dentro_raccordo
RM355D3;dentro_raccordo
RM345D1;dentro_raccordo
RM345D2;dentro_raccordo
RM345D3;dentro_raccordo
RM362D1;dentro_raccordo
RM362D2;dentro_raccordo
RM362D3;dentro_raccordo
RM752D1;dentro_raccordo
RM752D2;dentro_raccordo
RM752D3;dentro_raccordo
RM562D1;dentro_raccordo
RM562D2;dentro_raccordo
RM562D3;dentro_raccordo
RM097D1;dentro_raccordo
RM097D2;dentro_raccordo
RM097D3;dentro_raccordo
RM255D1;dentro_raccordo
RM255D2;dentro_raccordo
RM255D3;dentro_raccordo
RM882D1;dentro_raccordo
RM882D2;dentro_raccordo
RM882D3;dentro_raccordo
RM090D1;dentro_raccordo
RM090D2;dentro_raccordo
RM090D3;dentro_raccordo
RM856D1;dentro_raccordo
RM856D2;dentro_raccordo
RM856D3;dentro_raccordo
RM534D1;dentro_raccordo
RM534D2;dentro_raccordo
RM534D3;dentro_raccordo
RM073D1;dentro_raccordo
RM073D2;dentro_raccordo
RM073D3;dentro_raccordo
RM055D1;dentro_raccordo
RM055D2;dentro_raccordo
RM055D3;dentro_raccordo
RM021D1;dentro_raccordo
RM021D2;dentro_raccordo
RM021D3;dentro_raccordo
RM433D1;dentro_raccordo
RM433D2;dentro_raccordo
RM433D3;dentro_raccordo
RM583D1;dentro_raccordo
RM583D2;dentro_raccordo
RM583D3;dentro_raccordo
RM076D1;dentro_raccordo
RM076D2;dentro_raccordo
RM076D3;dentro_raccordo
RM995D1;dentro_raccordo
RM995D2;dentro_raccordo
RM995D3;dentro_raccordo
RM465D1;dentro_raccordo
RM465D2;dentro_raccordo
RM465D3;dentro_raccordo
RM143D1;dentro_raccordo
RM143D2;dentro_raccordo
RM143D3;dentro_raccordo
RM036D1;dentro_raccordo
RM036D2;dentro_raccordo
RM036D3;dentro_raccordo
RM210D1;dentro_raccordo
RM210D2;dentro_raccordo
RM210D3;dentro_raccordo
RM144D1;dentro_raccordo
RM144D2;dentro_raccordo
RM144D3;dentro_raccordo
RM039D1;dentro_raccordo
RM039D2;dentro_raccordo
RM039D3;dentro_raccordo
RM061D1;dentro_raccordo
RM061D2;dentro_raccordo
RM061D3;dentro_raccordo
RM045D1;dentro_raccordo
RM045D2;dentro_raccordo
RM045D3;dentro_raccordo
RM618D1;dentro_raccordo
RM618D2;dentro_raccordo
RM618D3;dentro_raccordo
RM002D1;dentro_raccordo
RM002D2;dentro_raccordo
RM002D3;dentro_raccordo
RM257D1;dentro_raccordo
RM257D2;dentro_raccordo
RM257D3;dentro_raccordo
RM732D1;dentro_raccordo
RM732D2;dentro_raccordo
RM732D3;dentro_raccordo
RM712D1;dentro_raccordo
RM712D2;dentro_raccordo
RM712D3;dentro_raccordo
RM913D1;dentro_raccordo
RM913D2;dentro_raccordo
RM913D3;dentro_raccordo
RM053D1;dentro_raccordo
RM053D2;dentro_raccordo
RM053D3;dentro_raccordo
RM932D1;dentro_raccordo
RM932D2;dentro_raccordo
RM932D3;dentro_raccordo
RM077D1;dentro_raccordo
RM077D2;dentro_raccordo
RM077D3;dentro_raccordo
RM161D1;dentro_raccordo
RM161D2;dentro_raccordo
RM161D3;dentro_raccordo
RM040D1;dentro_raccordo
RM040D2;dentro_raccordo
RM040D3;dentro_raccordo
RM625D1;dentro_raccordo
RM625D2;dentro_raccordo
RM625D3;dentro_raccordo
RM121D1;dentro_raccordo
RM121D2;dentro_raccordo
RM121D3;dentro_raccordo
RM139D1;dentro_raccordo
RM139D2;dentro_raccordo
RM139D3;dentro_raccordo
RM020D1;dentro_raccordo
RM020D2;dentro_raccordo
RM020D3;dentro_raccordo
RM614D1;dentro_raccordo
RM614D2;dentro_raccordo
RM614D3;dentro_raccordo
RM019D1;dentro_raccordo
RM019D2;dentro_raccordo
RM019D3;dentro_raccordo
RM023D1;dentro_raccordo
RM023D2;dentro_raccordo
RM023D3;dentro_raccordo
RM617D1;dentro_raccordo
RM617D2;dentro_raccordo
RM617D3;dentro_raccordo
RM523D1;dentro_raccordo
RM523D2;dentro_raccordo
RM523D3;dentro_raccordo
RM014D1;dentro_raccordo
RM014D2;dentro_raccordo
RM014D3;dentro_raccordo
RM797D1;dentro_raccordo
RM797D2;dentro_raccordo
RM797D3;dentro_raccordo
RM103D1;dentro_raccordo
RM103D2;dentro_raccordo
RM103D3;dentro_raccordo
RM168D1;dentro_raccordo
RM168D2;dentro_raccordo
RM168D3;dentro_raccordo
RM645D1;dentro_raccordo
RM645D2;dentro_raccordo
RM645D3;dentro_raccordo
RM025D1;dentro_raccordo
RM025D2;dentro_raccordo
RM025D3;dentro_raccordo
RM115D1;dentro_raccordo
RM115D2;dentro_raccordo
RM115D3;dentro_raccordo
RM563D1;dentro_raccordo
RM563D2;dentro_raccordo
RM563D3;dentro_raccordo
RM863D1;dentro_raccordo
RM863D2;dentro_raccordo
RM863D3;dentro_raccordo
RM604D1;dentro_raccordo
RM604D2;dentro_raccordo
RM604D3;dentro_raccordo
RM032D1;dentro_raccordo
RM032D2;dentro_raccordo
RM032D3;dentro_raccordo
RM406D1;dentro_raccordo
RM406D2;dentro_raccordo
RM406D3;dentro_raccordo
RM527D1;dentro_raccordo
RM527D2;dentro_raccordo
RM527D3;dentro_raccordo
RM035D1;dentro_raccordo
RM035D2;dentro_raccordo
RM035D3;dentro_raccordo
RM403D1;dentro_raccordo
RM403D2;dentro_raccordo
RM403D3;dentro_raccordo
RM112D1;dentro_raccordo
RM112D2;dentro_raccordo
RM112D3;dentro_raccordo
RM602D1;dentro_raccordo
RM602D2;dentro_raccordo
RM602D3;dentro_raccordo
RM887D1;dentro_raccordo
RM887D2;dentro_raccordo
RM887D3;dentro_raccordo
RM011D1;dentro_raccordo
RM011D2;dentro_raccordo
RM011D3;dentro_raccordo
RM722D1;dentro_raccordo
RM722D2;dentro_raccordo
RM722D3;dentro_raccordo
RM041D1;dentro_raccordo
RM041D2;dentro_raccordo
RM041D3;dentro_raccordo
RM084D1;dentro_raccordo
RM084D2;dentro_raccordo
RM084D3;dentro_raccordo
RM150D1;dentro_raccordo
RM150D2;dentro_raccordo
RM150D3;dentro_raccordo
RM747D1;dentro_raccordo
RM747D2;dentro_raccordo
RM747D3;dentro_raccordo
RM681D1;dentro_raccordo
RM681D2;dentro_raccordo
RM681D3;dentro_raccordo
RM142D1;dentro_raccordo
RM142D2;dentro_raccordo
RM142D3;dentro_raccordo
RM124D1;dentro_raccordo
RM124D2;dentro_raccordo
RM124D3;dentro_raccordo
RM221D1;dentro_raccordo
RM221D2;dentro_raccordo
RM221D3;dentro_raccordo
RM033D1;dentro_raccordo
RM033D2;dentro_raccordo
RM033D3;dentro_raccordo
RM361D1;dentro_raccordo
RM361D2;dentro_raccordo
RM361D3;dentro_raccordo
RM364D1;dentro_raccordo
RM364D2;dentro_raccordo
RM364D3;dentro_raccordo
RM065D1;dentro_raccordo
RM065D2;dentro_raccordo
RM065D3;dentro_raccordo
RM266D1;dentro_raccordo
RM266D2;dentro_raccordo
RM266D3;dentro_raccordo
RM530D1;dentro_raccordo
RM530D2;dentro_raccordo
RM530D3;dentro_raccordo
RM029D1;dentro_raccordo
RM029D2;dentro_raccordo
RM029D3;dentro_raccordo
RM727D1;dentro_raccordo
RM727D2;dentro_raccordo
RM727D3;dentro_raccordo
RM983D1;dentro_raccordo
RM983D2;dentro_raccordo
RM983D3;dentro_raccordo
RM350D1;dentro_raccordo
RM350D2;dentro_raccordo
RM350D3;dentro_raccordo
RM154D1;dentro_raccordo
RM154D2;dentro_raccordo
RM154D3;dentro_raccordo
RM162D1;dentro_raccordo
RM162D2;dentro_raccordo
RM162D3;dentro_raccordo
RM111D1;dentro_raccordo
RM111D2;dentro_raccordo
RM111D3;dentro_raccordo
RM847D1;dentro_raccordo
RM847D2;dentro_raccordo
RM847D3;dentro_raccordo
RM050D1;dentro_raccordo
RM050D2;dentro_raccordo
RM050D3;dentro_raccordo
RM105D1;dentro_raccordo
RM105D2;dentro_raccordo
RM105D3;dentro_raccordo
RM711D1;dentro_raccordo
RM711D2;dentro_raccordo
RM711D3;dentro_raccordo
RM087D1;dentro_raccordo
RM087D2;dentro_raccordo
RM087D3;dentro_raccordo
RM448D1;dentro_raccordo
RM448D2;dentro_raccordo
RM448D3;dentro_raccordo
RM817D1;dentro_raccordo
RM817D2;dentro_raccordo
RM817D3;dentro_raccordo
RM192D1;dentro_raccordo
RM192D2;dentro_raccordo
RM192D3;dentro_raccordo
RM067D1;dentro_raccordo
RM067D2;dentro_raccordo
RM067D3;dentro_raccordo
RM816D1;dentro_raccordo
RM816D2;dentro_raccordo
RM816D3;dentro_raccordo
RM113D1;dentro_raccordo
RM113D2;dentro_raccordo
RM113D3;dentro_raccordo
RM126D1;dentro_raccordo
RM126D2;dentro_raccordo
RM126D3;dentro_raccordo
RM184D1;dentro_raccordo
RM184D2;dentro_raccordo
RM184D3;dentro_raccordo
RM190D1;dentro_raccordo
RM190D2;dentro_raccordo
RM190D3;dentro_raccordo
RM616D1;dentro_raccordo
RM616D2;dentro_raccordo
RM616D3;dentro_raccordo
RM757D1;dentro_raccordo
RM757D2;dentro_raccordo
RM757D3;dentro_raccordo
RM611D1;dentro_raccordo
RM611D2;dentro_raccordo
RM611D3;dentro_raccordo
RM110D1;dentro_raccordo
RM110D2;dentro_raccordo
RM110D3;dentro_raccordo
RM158D1;dentro_raccordo
RM158D2;dentro_raccordo
RM158D3;dentro_raccordo
RM322D1;dentro_raccordo
RM322D2;dentro_raccordo
RM322D3;dentro_raccordo
RM360D1;dentro_raccordo
RM360D2;dentro_raccordo
RM360D3;dentro_raccordo
RM621D1;dentro_raccordo
RM621D2;dentro_raccordo
RM621D3;dentro_raccordo
RM709D1;dentro_raccordo
RM709D2;dentro_raccordo
RM709D3;dentro_raccordo
RM047D1;dentro_raccordo
RM047D2;dentro_raccordo
RM047D3;dentro_raccordo
RM092D1;dentro_raccordo
RM092D2;dentro_raccordo
RM092D3;dentro_raccordo
RM801D1;dentro_raccordo
RM801D2;dentro_raccordo
RM801D3;dentro_raccordo
RM585D1;dentro_raccordo
RM585D2;dentro_raccordo
RM585D3;dentro_raccordo
RM710D1;dentro_raccordo
RM710D2;dentro_raccordo
RM710D3;dentro_raccordo
RM081D1;dentro_raccordo
RM081D2;dentro_raccordo
RM081D3;dentro_raccordo
RM235D1;dentro_raccordo
RM235D2;dentro_raccordo
RM235D3;dentro_raccordo
RM548D1;dentro_raccordo
RM548D2;dentro_raccordo
RM548D3;dentro_raccordo
RM706D1;dentro_raccordo
RM706D2;dentro_raccordo
RM706D3;dentro_raccordo
RM034D1;dentro_raccordo
RM034D2;dentro_raccordo
RM034D3;dentro_raccordo
RM059D1;dentro_raccordo
RM059D2;dentro_raccordo
RM059D3;dentro_raccordo
RM590D1;dentro_raccordo
RM590D2;dentro_raccordo
RM590D3;dentro_raccordo
RM778D1;dentro_raccordo
RM778D2;dentro_raccordo
RM778D3;dentro_raccordo
RM988D1;dentro_raccordo
RM988D2;dentro_raccordo
RM988D3;dentro_raccordo
RM246D1;dentro_raccordo
RM246D2;dentro_raccordo
RM246D3;dentro_raccordo
RM940D1;dentro_raccordo
RM940D2;dentro_raccordo
RM940D3;dentro_raccordo
RM188D1;dentro_raccordo
RM188D2;dentro_raccordo
RM188D3;dentro_raccordo
RM141D1;dentro_raccordo
RM141D2;dentro_raccordo
RM141D3;dentro_raccordo
RM923D1;dentro_raccordo
RM923D2;dentro_raccordo
RM923D3;dentro_raccordo
RM374D1;dentro_raccordo
RM374D2;dentro_raccordo
RM374D3;dentro_raccordo
RM224D1;dentro_raccordo
RM224D2;dentro_raccordo
RM224D3;dentro_raccordo
RM372D1;dentro_raccordo
RM372D2;dentro_raccordo
RM372D3;dentro_raccordo
RM010D1;dentro_raccordo
RM010D2;dentro_raccordo
RM010D3;dentro_raccordo
RM400D1;dentro_raccordo
RM400D2;dentro_raccordo
RM400D3;dentro_raccordo
RM048D1;dentro_raccordo
RM048D2;dentro_raccordo
RM048D3;dentro_raccordo
RM100D1;dentro_raccordo
RM100D2;dentro_raccordo
RM100D3;dentro_raccordo
RM015D1;dentro_raccordo
RM015D2;dentro_raccordo
RM015D3;dentro_raccordo
RM346D1;dentro_raccordo
RM346D2;dentro_raccordo
RM346D3;dentro_raccordo
RM586D1;dentro_raccordo
RM586D2;dentro_raccordo
RM586D3;dentro_raccordo
RM605D1;dentro_raccordo
RM605D2;dentro_raccordo
RM605D3;dentro_raccordo
RM214D1;dentro_raccordo
RM214D2;dentro_raccordo
RM214D3;dentro_raccordo
RM914D1;dentro_raccordo
RM914D2;dentro_raccordo
RM914D3;dentro_raccordo
RM926D1;dentro_raccordo
RM926D2;dentro_raccordo
RM926D3;dentro_raccordo
RM612D1;dentro_raccordo
RM612D2;dentro_raccordo
RM612D3;dentro_raccordo
RM101D1;dentro_raccordo
RM101D2;dentro_raccordo
RM101D3;dentro_raccordo
RM634D1;dentro_raccordo
RM634D2;dentro_raccordo
RM634D3;dentro_raccordo
RM027D1;dentro_raccordo
RM027D2;dentro_raccordo
RM027D3;dentro_raccordo
RM044D1;dentro_raccordo
RM044D2;dentro_raccordo
RM044D3;dentro_raccordo
RM042D1;dentro_raccordo
RM042D2;dentro_raccordo
RM042D3;dentro_raccordo
RM643D1;dentro_raccordo
RM643D2;dentro_raccordo
RM643D3;dentro_raccordo
RM915D1;dentro_raccordo
RM915D2;dentro_raccordo
RM915D3;dentro_raccordo
RM098D1;dentro_raccordo
RM098D2;dentro_raccordo
RM098D3;dentro_raccordo
RM864D1;dentro_raccordo
RM864D2;dentro_raccordo
RM864D3;dentro_raccordo
RM085D1;dentro_raccordo
RM085D2;dentro_raccordo
RM085D3;dentro_raccordo
RM132D1;dentro_raccordo
RM132D2;dentro_raccordo
RM132D3;dentro_raccordo
RM921D1;dentro_raccordo
RM921D2;dentro_raccordo
RM921D3;dentro_raccordo
RM102D1;dentro_raccordo
RM102D2;dentro_raccordo
RM102D3;dentro_raccordo
RM114D1;dentro_raccordo
RM114D2;dentro_raccordo
RM114D3;dentro_raccordo
RM083D1;dentro_raccordo
RM083D2;dentro_raccordo
RM083D3;dentro_raccordo
RM106D1;dentro_raccordo
RM106D2;dentro_raccordo
RM106D3;dentro_raccordo
RM531D1;dentro_raccordo
RM531D2;dentro_raccordo
RM531D3;dentro_raccordo
RM116D1;dentro_raccordo
RM116D2;dentro_raccordo
RM116D3;dentro_raccordo
RM330D1;dentro_raccordo
RM330D2;dentro_raccordo
RM330D3;dentro_raccordo
RM629D1;dentro_raccordo
RM629D2;dentro_raccordo
RM629D3;dentro_raccordo
RM720D1;dentro_raccordo
RM720D2;dentro_raccordo
RM720D3;dentro_raccordo
RM724D1;dentro_raccordo
RM724D2;dentro_raccordo
RM724D3;dentro_raccordo
RM449D1;dentro_raccordo
RM449D2;dentro_raccordo
RM449D3;dentro_raccordo
RM108D1;dentro_raccordo
RM108D2;dentro_raccordo
RM108D3;dentro_raccordo
RM440D1;dentro_raccordo
RM440D2;dentro_raccordo
RM440D3;dentro_raccordo
RM104D1;dentro_raccordo
RM104D2;dentro_raccordo
RM104D3;dentro_raccordo
RM721D1;dentro_raccordo
RM721D2;dentro_raccordo
RM721D3;dentro_raccordo
RM038D1;dentro_raccordo
RM038D2;dentro_raccordo
RM038D3;dentro_raccordo
RM912D1;dentro_raccordo
RM912D2;dentro_raccordo
RM912D3;dentro_raccordo
RM049D1;dentro_raccordo
RM049D2;dentro_raccordo
RM049D3;dentro_raccordo
RM545D1;dentro_raccordo
RM545D2;dentro_raccordo
RM545D3;dentro_raccordo
RM267D1;dentro_raccordo
RM267D2;dentro_raccordo
RM267D3;dentro_raccordo
RM134D1;dentro_raccordo
RM134D2;dentro_raccordo
RM134D3;dentro_raccordo
RM128D1;dentro_raccordo
RM128D2;dentro_raccordo
RM128D3;dentro_raccordo
RM906D1;dentro_raccordo
RM906D2;dentro_raccordo
RM906D3;dentro_raccordo
RM268D1;dentro_raccordo
RM268D2;dentro_raccordo
RM268D3;dentro_raccordo
RM367D1;dentro_raccordo
RM367D2;dentro_raccordo
RM367D3;dentro_raccordo
RM242D1;dentro_raccordo
RM242D2;dentro_raccordo
RM242D3;dentro_raccordo
RM166D1;dentro_raccordo
RM166D2;dentro_raccordo
RM166D3;dentro_raccordo
RM529D1;dentro_raccordo
RM529D2;dentro_raccordo
RM529D3;dentro_raccordo
RM910D1;dentro_raccordo
RM910D2;dentro_raccordo
RM910D3;dentro_raccordo
RM156D1;dentro_raccordo
RM156D2;dentro_raccordo
RM156D3;dentro_raccordo
RM550D1;dentro_raccordo
RM550D2;dentro_raccordo
RM550D3;dentro_raccordo
RM705D1;dentro_raccordo
RM705D2;dentro_raccordo
RM705D3;dentro_raccordo
RM351D1;dentro_raccordo
RM351D2;dentro_raccordo
RM351D3;dentro_raccordo
RM815D1;dentro_raccordo
RM815D2;dentro_raccordo
RM815D3;dentro_raccordo
RM088D1;dentro_raccordo
RM088D2;dentro_raccordo
RM088D3;dentro_raccordo
RM086D1;dentro_raccordo
RM086D2;dentro_raccordo
RM086D3;dentro_raccordo
RM793D1;dentro_raccordo
RM793D2;dentro_raccordo
RM793D3;dentro_raccordo
RM566D1;dentro_raccordo
RM566D2;dentro_raccordo
RM566D3;dentro_raccordo
RM225D1;dentro_raccordo
RM225D2;dentro_raccordo
RM225D3;dentro_raccordo
RM176D1;dentro_raccordo
RM176D2;dentro_raccordo
RM176D3;dentro_raccordo
RM444D1;dentro_raccordo
RM444D2;dentro_raccordo
RM444D3;dentro_raccordo
RM270D1;dentro_raccordo
RM270D2;dentro_raccordo
RM270D3;dentro_raccordo
RM037D1;dentro_raccordo
RM037D2;dentro_raccordo
RM037D3;dentro_raccordo
RM483D1;dentro_raccordo
RM483D2;dentro_raccordo
RM483D3;dentro_raccordo
RM074D1;dentro_raccordo
RM074D2;dentro_raccordo
RM074D3;dentro_raccordo
RM009D1;dentro_raccordo
RM009D2;dentro_raccordo
RM009D3;dentro_raccordo
RM329D1;dentro_raccordo
RM329D2;dentro_raccordo
RM329D3;dentro_raccordo
RM613D1;dentro_raccordo
RM613D2;dentro_raccordo
RM613D3;dentro_raccordo
RM093D1;dentro_raccordo
RM093D2;dentro_raccordo
RM093D3;dentro_raccordo
RM467D1;dentro_raccordo
RM467D2;dentro_raccordo
RM467D3;dentro_raccordo
RM178D1;dentro_raccordo
RM178D2;dentro_raccordo
RM178D3;dentro_raccordo
RM133D1;dentro_raccordo
RM133D2;dentro_raccordo
RM133D3;dentro_raccordo
RM348D1;dentro_raccordo
RM348D2;dentro_raccordo
RM348D3;dentro_raccordo
RM167D1;dentro_raccordo
RM167D2;dentro_raccordo
RM167D3;dentro_raccordo
RM813D1;dentro_raccordo
RM813D2;dentro_raccordo
RM813D3;dentro_raccordo
RM169D1;dentro_raccordo
RM169D2;dentro_raccordo
RM169D3;dentro_raccordo
RM701D1;dentro_raccordo
RM701D2;dentro_raccordo
RM701D3;dentro_raccordo
RM089D1;dentro_raccordo
RM089D2;dentro_raccordo
RM089D3;dentro_raccordo
RM358D1;dentro_raccordo
RM358D2;dentro_raccordo
RM358D3;dentro_raccordo
RM737D1;dentro_raccordo
RM737D2;dentro_raccordo
RM737D3;dentro_raccordo
RM245D1;dentro_raccordo
RM245D2;dentro_raccordo
RM245D3;dentro_raccordo
RM005D1;dentro_raccordo
RM005D2;dentro_raccordo
RM005D3;dentro_raccordo
RM026D1;dentro_raccordo
RM026D2;dentro_raccordo
RM026D3;dentro_raccordo
RM561D1;dentro_raccordo
RM561D2;dentro_raccordo
RM561D3;dentro_raccordo
RM003D1;dentro_raccordo
RM003D2;dentro_raccordo
RM003D3;dentro_raccordo
RM164D1;dentro_raccordo
RM164D2;dentro_raccordo
RM164D3;dentro_raccordo
RM262D1;dentro_raccordo
RM262D2;dentro_raccordo
RM262D3;dentro_raccordo
RM131D1;dentro_raccordo
RM131D2;dentro_raccordo
RM131D3;dentro_raccordo
RM052D1;dentro_raccordo
RM052D2;dentro_raccordo
RM052D3;dentro_raccordo
RM624D1;dentro_raccordo
RM624D2;dentro_raccordo
RM624D3;dentro_raccordo
RM927D1;dentro_raccordo
RM927D2;dentro_raccordo
RM927D3;dentro_raccordo
RM445D1;dentro_raccordo
RM445D2;dentro_raccordo
RM445D3;dentro_raccordo
RM356D1;dentro_raccordo
RM356D2;dentro_raccordo
RM356D3;dentro_raccordo
RM818D1;dentro_raccordo
RM818D2;dentro_raccordo
RM818D3;dentro_raccordo
RM682D1;dentro_raccordo
RM682D2;dentro_raccordo
RM682D3;dentro_raccordo
RM344D1;dentro_raccordo
RM344D2;dentro_raccordo
RM344D3;dentro_raccordo
RM525D1;dentro_raccordo
RM525D2;dentro_raccordo
RM525D3;dentro_raccordo
RM779D1;dentro_raccordo
RM779D2;dentro_raccordo
RM779D3;dentro_raccordo
RM771D1;dentro_raccordo
RM771D2;dentro_raccordo
RM771D3;dentro_raccordo
RM125D1;dentro_raccordo
RM125D2;dentro_raccordo
RM125D3;dentro_raccordo
RM564D1;dentro_raccordo
RM564D2;dentro_raccordo
RM564D3;dentro_raccordo
RM679D1;dentro_raccordo
RM679D2;dentro_raccordo
RM679D3;dentro_raccordo
RM810D1;dentro_raccordo
RM810D2;dentro_raccordo
RM810D3;dentro_raccordo
RM608D1;dentro_raccordo
RM608D2;dentro_raccordo
RM608D3;dentro_raccordo
RM099D1;dentro_raccordo
RM099D2;dentro_raccordo
RM099D3;dentro_raccordo
RM109D1;dentro_raccordo
RM109D2;dentro_raccordo
RM109D3;dentro_raccordo
RM647D1;dentro_raccordo
RM647D2;dentro_raccordo
RM647D3;dentro_raccordo
RM229D1;dentro_raccordo
RM229D2;dentro_raccordo
RM229D3;dentro_raccordo
RM016D1;dentro_raccordo
RM016D2;dentro_raccordo
RM016D3;dentro_raccordo
RM185D1;dentro_raccordo
RM185D2;dentro_raccordo
RM185D3;dentro_raccordo
RM929D1;dentro_raccordo
RM929D2;dentro_raccordo
RM929D3;dentro_raccordo
RM716D1;dentro_raccordo
RM716D2;dentro_raccordo
RM716D3;dentro_raccordo
RM755D1;dentro_raccordo
RM755D2;dentro_raccordo
RM755D3;dentro_raccordo
RM859D1;dentro_raccordo
RM859D2;dentro_raccordo
RM859D3;dentro_raccordo
RM140D1;dentro_raccordo
RM140D2;dentro_raccordo
RM140D3;dentro_raccordo
RM587D1;dentro_raccordo
RM587D2;dentro_raccordo
RM587D3;dentro_raccordo
RM051D1;dentro_raccordo
RM051D2;dentro_raccordo
RM051D3;dentro_raccordo
RM152D1;dentro_raccordo
RM152D2;dentro_raccordo
RM152D3;dentro_raccordo
RM371D1;dentro_raccordo
RM371D2;dentro_raccordo
RM371D3;dentro_raccordo
RM030D1;dentro_raccordo
RM030D2;dentro_raccordo
RM030D3;dentro_raccordo
RM855D1;dentro_raccordo
RM855D2;dentro_raccordo
RM855D3;dentro_raccordo
RM004D1;dentro_raccordo
RM004D2;dentro_raccordo
RM004D3;dentro_raccordo
RM466D1;dentro_raccordo
RM466D2;dentro_raccordo
RM466D3;dentro_raccordo
RM054D1;dentro_raccordo
RM054D2;dentro_raccordo
RM054D3;dentro_raccordo
RM337D1;dentro_raccordo
RM337D2;dentro_raccordo
RM337D3;dentro_raccordo
RM977D1;dentro_raccordo
RM977D2;dentro_raccordo
RM977D3;dentro_raccordo
